problem_name,timestamp,num_cities,kernel_type,population_size,num_generations,initial_fitness,final_fitness,improvement,total_time,avg_time_per_gen,init_time,fitness_time,crossover_time,mutation_time,problem_type
TSPJ_78M,2025-12-07T15:17:08.269789,404,Original,500,10,36272.2,30190.6,-16.77,1656.0,165.6,617.0,11.55,894.86,64.63,medium
TSPJ_95M,2025-12-07T15:17:10.282974,474,Original,500,10,40614.5,34267.0,-15.63,1764.0,176.4,507.0,13.23,1112.84,65.01,medium
TSPJ_90M,2025-12-07T15:17:12.431187,497,Original,500,10,42752.6,37098.0,-13.23,1898.0,189.8,507.0,13.88,1245.66,65.22,medium
TSPJ_77M,2025-12-07T15:17:14.369453,467,Original,500,10,39801.0,33862.9,-14.92,1694.0,169.4,503.0,13.03,1048.25,64.08,medium
TSPJ_86M,2025-12-07T15:17:16.146542,421,Original,500,10,35864.4,31143.1,-13.16,1532.0,153.2,500.0,11.89,891.78,63.58,medium
TSPJ_99M,2025-12-07T15:17:18.141018,470,Original,500,10,40900.2,35194.8,-13.95,1750.0,175.0,507.0,12.96,1099.32,64.81,medium
TSPJ_85M,2025-12-07T15:17:20.052446,457,Original,500,10,39633.8,32887.4,-17.02,1662.0,166.2,499.0,12.78,1019.82,64.3,medium
TSPJ_76M,2025-12-07T15:17:22.007305,467,Original,500,10,40770.1,34933.6,-14.32,1710.0,171.0,497.0,13.35,1068.64,64.73,medium
TSPJ_80M,2025-12-07T15:17:23.896044,447,Original,500,10,37615.4,32323.1,-14.07,1644.0,164.4,500.0,12.68,1000.71,64.72,medium
TSPJ_92M,2025-12-07T15:17:25.867756,459,Original,500,10,38893.6,32778.1,-15.72,1721.0,172.1,500.0,12.91,1077.02,65.08,medium
TSPJ_89M,2025-12-07T15:17:27.617877,413,Original,500,10,34866.5,29481.9,-15.44,1505.0,150.5,495.0,11.7,869.96,63.92,medium
TSPJ_79M,2025-12-07T15:17:29.763414,496,Original,500,10,42903.3,35799.9,-16.56,1900.0,190.0,508.0,14.01,1245.83,65.94,medium
TSPJ_91M,2025-12-07T15:17:31.523999,414,Original,500,10,36265.0,30208.5,-16.7,1516.0,151.6,496.0,11.54,879.53,63.51,medium
TSPJ_83M,2025-12-07T15:17:33.295295,427,Original,500,10,38971.4,32537.7,-16.51,1527.0,152.7,500.0,12.03,884.12,64.46,medium
TSPJ_87M,2025-12-07T15:17:35.375781,486,Original,500,10,40400.2,35140.3,-13.02,1835.0,183.5,500.0,13.66,1191.16,65.0,medium
TSPJ_96M,2025-12-07T15:17:37.167451,425,Original,500,10,37108.0,31552.4,-14.97,1547.0,154.7,497.0,12.01,908.65,64.1,medium
TSPJ_82M,2025-12-07T15:17:39.073268,442,Original,500,10,37437.7,31729.7,-15.25,1656.0,165.6,532.0,12.46,981.98,63.76,medium
TSPJ_93M,2025-12-07T15:17:40.847084,419,Original,500,10,35414.7,29152.2,-17.68,1524.0,152.4,496.0,11.7,886.39,64.09,medium
TSPJ_98M,2025-12-07T15:17:42.629473,424,Original,500,10,36216.4,30147.2,-16.76,1537.0,153.7,494.0,11.92,901.52,64.03,medium
TSPJ_84M,2025-12-07T15:17:44.511400,442,Original,500,10,39591.1,33201.9,-16.14,1637.0,163.7,491.0,12.34,1002.76,64.77,medium
TSPJ_88M,2025-12-07T15:17:46.315218,421,Original,500,10,34706.1,28406.2,-18.15,1559.0,155.9,497.0,11.81,920.5,64.0,medium
TSPJ_100M,2025-12-07T15:17:48.343310,479,Original,500,10,40796.6,35496.3,-12.99,1783.0,178.3,502.0,13.58,1134.31,66.28,medium
TSPJ_94M,2025-12-07T15:17:50.082564,405,Original,500,10,35879.4,30753.9,-14.29,1494.0,149.4,497.0,11.57,856.32,63.78,medium
TSPJ_81M,2025-12-07T15:17:51.791373,401,Original,500,10,35703.1,29479.8,-17.43,1464.0,146.4,501.0,11.5,823.26,63.43,medium
TSPJ_97M,2025-12-07T15:17:53.832666,475,Original,500,10,41354.2,35337.1,-14.55,1796.0,179.6,502.0,13.28,1149.17,65.23,medium
TSPJ_63M,2025-12-07T15:17:55.885982,480,Original,500,10,41889.8,35167.0,-16.05,1804.0,180.4,496.0,13.48,1163.5,64.87,medium
TSPJ_61M,2025-12-07T15:17:57.777558,444,Original,500,10,37361.6,31899.7,-14.62,1646.0,164.6,495.0,12.46,1008.12,64.66,medium
TSPJ_58M,2025-12-07T15:17:59.877803,486,Original,500,10,42116.2,36678.8,-12.91,1855.0,185.5,499.0,13.5,1210.87,65.17,medium
TSPJ_66M,2025-12-07T15:18:01.879304,463,Original,500,10,39468.1,33981.8,-13.9,1750.0,175.0,505.0,13.05,1101.18,64.8,medium
TSPJ_60M,2025-12-07T15:18:03.704975,427,Original,500,10,36271.0,30005.9,-17.27,1581.0,158.1,506.0,11.96,934.32,63.79,medium
TSPJ_74M,2025-12-07T15:18:05.463544,410,Original,500,10,35378.9,30440.8,-13.96,1508.0,150.8,496.0,11.5,871.62,63.66,medium
TSPJ_71M,2025-12-07T15:18:07.333434,440,Original,500,10,38851.6,31870.9,-17.97,1624.0,162.4,498.0,12.34,983.45,64.38,medium
TSPJ_73M,2025-12-07T15:18:09.189673,435,Original,500,10,37287.4,32377.7,-13.17,1611.0,161.1,495.0,12.2,973.64,64.52,medium
TSPJ_72M,2025-12-07T15:18:11.314038,492,Original,500,10,42388.6,35738.2,-15.69,1879.0,187.9,506.0,13.96,1226.03,66.41,medium
TSPJ_52M,2025-12-07T15:18:13.259471,451,Original,500,10,38037.5,32170.2,-15.43,1700.0,170.0,501.0,12.75,1055.61,65.21,medium
TSPJ_69M,2025-12-07T15:18:15.254413,465,Original,500,10,39803.0,34035.0,-14.49,1749.0,174.9,497.0,13.0,1107.33,65.5,medium
TSPJ_65M,2025-12-07T15:18:17.405540,500,Original,500,10,42334.9,35774.5,-15.5,1905.0,190.5,505.0,14.04,1253.96,66.1,medium
TSPJ_64M,2025-12-07T15:18:19.329523,444,Original,500,10,36989.5,30773.3,-16.81,1680.0,168.0,502.0,12.43,1036.12,64.43,medium
TSPJ_55M,2025-12-07T15:18:21.374102,476,Original,500,10,41708.4,35566.5,-14.73,1795.0,179.5,503.0,13.36,1147.58,65.32,medium
TSPJ_75M,2025-12-07T15:18:23.161083,419,Original,500,10,37292.4,32168.7,-13.74,1542.0,154.2,503.0,11.85,897.17,64.26,medium
TSPJ_67M,2025-12-07T15:18:24.924946,412,Original,500,10,34508.1,29300.9,-15.09,1518.0,151.8,492.0,11.7,885.24,63.98,medium
TSPJ_62M,2025-12-07T15:18:26.767721,439,Original,500,10,38436.9,32178.6,-16.28,1598.0,159.8,494.0,12.48,959.48,65.05,medium
TSPJ_56M,2025-12-07T15:18:28.741453,460,Original,500,10,40351.6,34108.8,-15.47,1724.0,172.4,494.0,12.92,1084.9,65.83,medium
TSPJ_57M,2025-12-07T15:18:30.851447,494,Original,500,10,41282.6,35560.0,-13.86,1866.0,186.6,493.0,13.77,1226.94,65.81,medium
TSPJ_70M,2025-12-07T15:18:32.851053,468,Original,500,10,39447.7,32369.4,-17.94,1754.0,175.4,496.0,13.06,1113.1,65.11,medium
TSPJ_68M,2025-12-07T15:18:34.681550,434,Original,500,10,36304.3,31716.1,-12.64,1585.0,158.5,493.0,12.4,948.55,64.93,medium
TSPJ_53M,2025-12-07T15:18:36.491150,429,Original,500,10,37604.8,31767.2,-15.52,1564.0,156.4,493.0,12.23,926.34,65.08,medium
TSPJ_54M,2025-12-07T15:18:38.391545,436,Original,500,10,37454.5,32108.1,-14.27,1655.0,165.5,504.0,12.5,1006.79,65.45,medium
TSPJ_51M,2025-12-07T15:18:40.104691,405,Original,500,10,34930.2,29122.1,-16.63,1468.0,146.8,497.0,11.41,828.83,64.14,medium
TSPJ_59M,2025-12-07T15:18:41.848262,414,Original,500,10,35361.3,30916.8,-12.57,1498.0,149.8,492.0,11.63,864.63,64.21,medium
TSPJ_41M,2025-12-07T15:18:43.798159,452,Original,500,10,39063.2,32962.5,-15.62,1705.0,170.5,494.0,12.98,1065.46,65.4,medium
TSPJ_49M,2025-12-07T15:18:45.721279,452,Original,500,10,40028.8,32284.4,-19.35,1678.0,167.8,496.0,12.8,1038.03,65.14,medium
TSPJ_30M,2025-12-07T15:18:47.553426,427,Original,500,10,36669.8,29986.7,-18.23,1587.0,158.7,501.0,12.13,943.59,64.6,medium
TSPJ_36M,2025-12-07T15:18:49.352121,420,Original,500,10,35353.4,30146.7,-14.73,1553.0,155.3,491.0,11.93,918.64,64.96,medium
TSPJ_42M,2025-12-07T15:18:53.273717,463,Original,500,10,38968.3,32166.3,-17.46,1772.0,177.2,504.0,12.99,1122.84,65.6,medium
TSPJ_45M,2025-12-07T15:18:55.116277,441,Original,500,10,39912.5,34064.7,-14.65,1597.0,159.7,492.0,12.53,961.2,65.0,medium
TSPJ_48M,2025-12-07T15:18:57.007422,442,Original,500,10,38601.5,32365.5,-16.15,1645.0,164.5,498.0,12.62,1004.07,64.94,medium
TSPJ_34M,2025-12-07T15:18:58.920500,447,Original,500,10,38568.5,31720.1,-17.76,1668.0,166.8,494.0,12.61,1028.84,65.64,medium
TSPJ_27M,2025-12-07T15:19:00.883823,455,Original,500,10,39017.7,34141.0,-12.5,1718.0,171.8,492.0,12.83,1081.38,65.34,medium
TSPJ_32M,2025-12-07T15:19:02.854525,461,Original,500,10,39502.6,32495.9,-17.74,1725.0,172.5,498.0,13.04,1081.98,65.29,medium
TSPJ_31M,2025-12-07T15:19:04.572832,403,Original,500,10,34016.1,27793.4,-18.29,1473.0,147.3,498.0,11.42,833.0,64.35,medium
TSPJ_50M,2025-12-07T15:19:06.603517,470,Original,500,10,40376.6,35147.9,-12.95,1786.0,178.6,499.0,13.19,1141.0,65.69,medium
TSPJ_47M,2025-12-07T15:19:08.454626,424,Original,500,10,36128.7,30329.9,-16.05,1600.0,160.0,500.0,12.0,956.18,64.8,medium
TSPJ_29M,2025-12-07T15:19:10.195933,405,Original,500,10,34475.0,28916.0,-16.12,1496.0,149.6,497.0,11.5,858.04,63.93,medium
TSPJ_28M,2025-12-07T15:19:12.117024,446,Original,500,10,38002.0,31624.2,-16.78,1671.0,167.1,502.0,12.43,1025.22,65.17,medium
TSPJ_26M,2025-12-07T15:19:13.971224,428,Original,500,10,37497.2,32131.4,-14.31,1609.0,160.9,496.0,12.21,968.54,65.19,medium
TSPJ_40M,2025-12-07T15:19:15.695330,404,Original,500,10,34772.7,29325.6,-15.67,1479.0,147.9,499.0,11.42,838.09,64.53,medium
TSPJ_46M,2025-12-07T15:19:17.487762,418,Original,500,10,35978.8,30340.1,-15.67,1543.0,154.3,498.0,11.83,901.76,64.53,medium
TSPJ_35M,2025-12-07T15:19:19.442372,452,Original,500,10,37506.4,31266.4,-16.64,1709.0,170.9,497.0,12.75,1067.13,65.59,medium
TSPJ_39M,2025-12-07T15:19:21.419183,458,Original,500,10,39465.9,33120.6,-16.08,1731.0,173.1,508.0,12.96,1077.58,66.02,medium
TSPJ_44M,2025-12-07T15:19:23.375422,460,Original,500,10,40608.7,33892.1,-16.54,1707.0,170.7,500.0,13.03,1060.68,66.01,medium
TSPJ_33M,2025-12-07T15:19:25.465976,481,Original,500,10,41387.9,34661.5,-16.25,1840.0,184.0,498.0,13.68,1193.95,66.68,medium
TSPJ_37M,2025-12-07T15:19:27.636346,496,Original,500,10,41091.8,34778.1,-15.36,1925.0,192.5,527.0,13.98,1248.84,66.92,medium
TSPJ_38M,2025-12-07T15:19:29.681848,465,Original,500,10,41227.7,36721.6,-10.93,1800.0,180.0,495.0,13.16,1158.66,65.82,medium
TSPJ_17M,2025-12-07T15:19:31.630484,459,Original,500,10,40481.1,33713.1,-16.72,1698.0,169.8,498.0,12.98,1054.53,66.0,medium
TSPJ_1M,2025-12-07T15:19:33.461901,423,Original,500,10,34156.9,29861.6,-12.58,1586.0,158.6,493.0,11.88,948.91,65.27,medium
TSPJ_12M,2025-12-07T15:19:35.254576,426,Original,500,10,37105.5,31512.4,-15.07,1547.0,154.7,496.0,12.12,906.29,65.5,medium
TSPJ_23M,2025-12-07T15:19:36.969945,407,Original,500,10,35068.4,30456.3,-13.15,1470.0,147.0,494.0,11.59,834.24,64.22,medium
TSPJ_7M,2025-12-07T15:19:39.026056,471,Original,500,10,39376.3,33873.5,-13.98,1809.0,180.9,499.0,13.42,1162.39,66.44,medium
TSPJ_15M,2025-12-07T15:19:40.987082,457,Original,500,10,39128.3,31901.1,-18.47,1714.0,171.4,499.0,13.13,1068.67,65.85,medium
TSPJ_6M,2025-12-07T15:19:42.757276,417,Original,500,10,34642.6,29696.3,-14.28,1524.0,152.4,495.0,11.8,885.95,65.18,medium
TSPJ_2M,2025-12-07T15:19:46.362773,406,Original,500,10,36654.0,29747.0,-18.84,1476.0,147.6,493.0,11.49,838.72,65.4,medium
TSPJ_3M,2025-12-07T15:19:48.293937,454,Original,500,10,39045.3,32436.3,-16.93,1678.0,167.8,498.0,12.64,1034.03,66.13,medium
TSPJ_9M,2025-12-07T15:19:50.099029,419,Original,500,10,34557.5,28999.0,-16.08,1555.0,155.5,495.0,11.99,915.04,65.75,medium
TSPJ_4M,2025-12-07T15:19:51.888368,422,Original,500,10,36908.3,32055.3,-13.15,1538.0,153.8,498.0,12.14,895.37,65.54,medium
TSPJ_11M,2025-12-07T15:19:53.746477,429,Original,500,10,37046.1,31001.5,-16.32,1613.0,161.3,493.0,12.25,974.67,65.29,medium
TSPJ_21M,2025-12-07T15:19:55.678972,455,Original,500,10,39818.0,33189.3,-16.65,1683.0,168.3,506.0,12.79,1031.17,66.09,medium
TSPJ_24M,2025-12-07T15:19:57.739031,472,Original,500,10,39767.8,34280.6,-13.8,1810.0,181.0,499.0,13.41,1163.7,66.05,medium
TSPJ_19M,2025-12-07T15:19:59.547793,427,Original,500,10,37186.4,32179.5,-13.46,1556.0,155.6,498.0,12.13,913.39,65.49,medium
TSPJ_25M,2025-12-07T15:20:01.668410,493,Original,500,10,41710.9,36243.0,-13.11,1875.0,187.5,504.0,14.07,1222.63,66.8,medium
TSPJ_13M,2025-12-07T15:20:03.831300,492,Original,500,10,42671.9,35960.8,-15.73,1917.0,191.7,509.0,13.86,1259.92,66.54,medium
TSPJ_14M,2025-12-07T15:20:05.687486,432,Original,500,10,38646.1,32452.1,-16.03,1611.0,161.1,499.0,12.36,966.81,65.58,medium
TSPJ_8M,2025-12-07T15:20:07.861627,496,Original,500,10,40332.0,34348.5,-14.84,1924.0,192.4,514.0,14.01,1261.07,66.8,medium
TSPJ_18M,2025-12-07T15:20:09.871893,461,Original,500,10,39777.5,33702.0,-15.27,1764.0,176.4,508.0,13.16,1110.02,66.04,medium
TSPJ_22M,2025-12-07T15:20:12.041866,491,Original,500,10,42413.8,35549.5,-16.18,1924.0,192.4,502.0,14.1,1273.73,66.61,medium
TSPJ_5M,2025-12-07T15:20:14.235276,499,Original,500,10,41531.1,36097.8,-13.08,1948.0,194.8,504.0,14.27,1294.38,67.26,medium
TSPJ_16M,2025-12-07T15:20:16.365697,480,Original,500,10,41139.1,35143.5,-14.57,1881.0,188.1,502.0,13.87,1231.59,66.52,medium
